supplier_id,quarter,supplier_tier,defect_rate_pct,on_time_delivery_pct,team_size,audit_score,supplier_tier_raw,all_zero_defect_flag
SUP001,Q1-2022,Tier 1,0.0,94.2,12,61,Tier 1,True
SUP001,Q2-2022,Tier 1,0.0,96.8,12,68,Tier 1,True
SUP001,Q3-2022,Tier 1,0.0,95.8,12,84,tier 1,True
SUP001,Q4-2022,Tier 1,0.0,83.2,12,67,tier-1,True
SUP001,Q1-2023,Tier 1,0.0,96.4,12,89,tier 1,True
SUP001,Q2-2023,Tier 1,0.0,83.1,12,73,tier 1,True
SUP001,Q3-2023,Tier 1,0.0,96.6,12,60,tier 1,True
SUP001,Q4-2023,Tier 1,0.0,89.1,12,91,Tier 1,True
SUP002,Q1-2022,Tier 3,0.0,80.6,12,81,tier-3,True
SUP002,Q2-2022,Tier 3,0.0,98.0,12,65,tier-3,True
SUP002,Q3-2022,Tier 3,0.0,83.3,12,66,Tier 3,True
SUP002,Q1-2023,Tier 3,0.0,84.8,12,96,Tier 3,True
SUP002,Q2-2023,Tier 3,0.0,89.2,12,84,T3,True
SUP002,Q3-2023,Tier 3,0.0,95.2,12,92,tier-3,True
SUP002,Q4-2023,Tier 3,0.0,97.3,12,89,T3,True
SUP003,Q2-2022,Tier 1,0.0,91.1,18,73,T1,True
SUP003,Q3-2022,Tier 1,0.0,82.5,18,68,T1,True
SUP003,Q4-2022,Tier 1,0.0,78.0,18,96,T1,True
SUP003,Q1-2023,Tier 1,0.0,79.3,18,75,tier 1,True
SUP003,Q2-2023,Tier 1,0.0,91.3,18,78,T1,True
SUP003,Q3-2023,Tier 1,0.0,84.7,18,76,tier 1,True
SUP003,Q4-2023,Tier 1,0.0,90.6,18,89,T1,True
SUP004,Q1-2022,Tier 2,0.0,81.7,6,78,tier 2,True
SUP004,Q2-2022,Tier 2,0.0,78.8,6,99,T2,True
SUP004,Q3-2022,Tier 2,0.0,98.8,6,77,Tier 2,True
SUP004,Q4-2022,Tier 2,0.0,84.4,6,74,tier 2,True
SUP004,Q1-2023,Tier 2,0.0,86.5,6,97,Tier 2,True
SUP004,Q2-2023,Tier 2,0.0,88.7,6,89,Tier 2,True
SUP004,Q3-2023,Tier 2,0.0,85.2,6,96,Tier 2,True
SUP004,Q4-2023,Tier 2,0.0,80.6,6,93,Tier 2,True
SUP005,Q1-2022,Tier 1,0.0,91.9,6,72,T1,True
SUP005,Q2-2022,Tier 1,0.0,94.3,6,60,tier 1,True
SUP005,Q3-2022,Tier 1,0.0,92.0,6,66,tier 1,True
SUP005,Q4-2022,Tier 1,0.0,84.0,6,65,tier 1,True
SUP005,Q1-2023,Tier 1,0.0,82.3,6,98,T1,True
SUP005,Q2-2023,Tier 1,0.0,90.8,6,81,tier 1,True
SUP005,Q3-2023,Tier 1,0.0,84.7,6,88,Tier 1,True
SUP005,Q4-2023,Tier 1,0.0,78.5,6,99,T1,True
SUP006,Q1-2022,Tier 2,0.0,87.3,15,76,Tier 2,True
SUP006,Q2-2022,Tier 2,0.0,84.8,15,94,tier 2,True
SUP006,Q3-2022,Tier 2,0.0,85.0,15,81,tier-2,True
SUP006,Q4-2022,Tier 2,0.0,97.4,15,72,tier 2,True
SUP006,Q1-2023,Tier 2,0.0,94.1,15,93,tier-2,True
SUP006,Q2-2023,Tier 2,0.0,87.6,15,87,tier 2,True
SUP006,Q3-2023,Tier 2,0.0,83.4,15,69,tier 2,True
SUP006,Q4-2023,Tier 2,0.0,82.6,15,86,T2,True
SUP007,Q1-2022,Tier 1,1.34,78.2,21,61,tier-1,False
SUP007,Q2-2022,Tier 1,6.71,80.9,21,73,T1,False
SUP007,Q3-2022,Tier 1,0.93,86.2,21,78,Tier 1,False
SUP007,Q4-2022,Tier 1,1.23,86.9,21,99,Tier 1,False
SUP007,Q1-2023,Tier 1,7.46,98.6,21,85,tier-1,False
SUP007,Q2-2023,Tier 1,6.33,83.7,21,62,Tier 1,False
SUP007,Q3-2023,Tier 1,5.31,80.3,21,88,Tier 1,False
SUP007,Q4-2023,Tier 1,3.39,89.6,21,93,tier 1,False
SUP008,Q1-2022,Tier 3,5.22,98.8,9,80,tier-3,False
SUP008,Q2-2022,Tier 3,4.13,80.0,9,87,Tier 3,False
SUP008,Q3-2022,Tier 3,2.55,87.7,9,89,Tier 3,False
SUP008,Q4-2022,Tier 3,0.41,92.1,9,90,tier-3,False
SUP008,Q1-2023,Tier 3,6.66,95.2,9,74,Tier 3,False
SUP008,Q2-2023,Tier 3,2.57,93.7,9,88,Tier 3,False
SUP008,Q3-2023,Tier 3,7.14,81.0,9,92,Tier 3,False
SUP008,Q4-2023,Tier 3,0.77,81.2,9,72,tier-3,False
SUP009,Q4-2022,Tier 1,6.2,78.7,15,73,T1,False
SUP009,Q1-2023,Tier 1,1.34,81.1,15,86,tier 1,False
SUP009,Q2-2023,Tier 1,6.58,89.3,15,78,Tier 1,False
SUP009,Q3-2023,Tier 1,3.16,93.5,15,92,T1,False
SUP009,Q4-2023,Tier 1,6.02,88.6,15,81,Tier 1,False
SUP010,Q1-2022,Tier 3,2.94,82.6,20,85,Tier 3,False
SUP010,Q2-2022,Tier 3,0.95,79.8,20,68,T3,False
SUP010,Q3-2022,Tier 3,1.4,95.3,20,62,tier-3,False
SUP010,Q4-2022,Tier 3,1.1,91.7,20,75,tier-3,False
SUP010,Q1-2023,Tier 3,3.14,96.4,20,98,tier-3,False
SUP010,Q2-2023,Tier 3,1.54,82.6,20,99,tier-3,False
SUP010,Q3-2023,Tier 3,2.31,93.4,20,60,T3,False
SUP010,Q4-2023,Tier 3,6.63,92.9,20,82,T3,False
SUP011,Q2-2022,Tier 1,3.89,83.5,14,61,tier-1,False
SUP011,Q3-2022,Tier 1,6.06,95.4,14,73,T1,False
SUP011,Q4-2022,Tier 1,2.17,89.0,14,82,tier-1,False
SUP011,Q1-2023,Tier 1,4.51,92.2,14,93,tier 1,False
SUP011,Q3-2023,Tier 1,7.16,91.6,14,62,T1,False
SUP011,Q4-2023,Tier 1,7.12,87.9,14,93,tier-1,False
SUP012,Q1-2022,Tier 2,0.48,82.5,14,78,tier-2,False
SUP012,Q2-2022,Tier 2,5.44,82.5,14,83,Tier 2,False
SUP012,Q3-2022,Tier 2,1.66,86.9,14,80,Tier 2,False
SUP012,Q4-2022,Tier 2,6.88,84.7,14,67,tier 2,False
SUP012,Q1-2023,Tier 2,0.44,85.5,14,73,Tier 2,False
SUP012,Q2-2023,Tier 2,1.64,96.7,14,70,Tier 2,False
SUP012,Q3-2023,Tier 2,0.8,80.3,14,62,T2,False
SUP012,Q4-2023,Tier 2,0.98,95.9,14,64,tier-2,False
SUP013,Q1-2022,Tier 1,4.21,98.9,24,90,tier-1,False
SUP013,Q3-2022,Tier 1,2.59,97.9,24,63,Tier 1,False
SUP013,Q4-2022,Tier 1,1.36,98.6,24,83,T1,False
SUP013,Q1-2023,Tier 1,3.95,98.4,24,98,tier-1,False
SUP013,Q2-2023,Tier 1,4.68,80.7,24,75,tier-1,False
SUP013,Q3-2023,Tier 1,1.55,80.2,24,91,T1,False
SUP013,Q4-2023,Tier 1,2.87,86.6,24,94,tier 1,False
SUP014,Q1-2022,Tier 3,7.41,97.6,13,77,tier-3,False
SUP014,Q2-2022,Tier 3,2.63,87.5,13,98,T3,False
SUP014,Q3-2022,Tier 3,5.27,89.6,13,82,tier-3,False
SUP014,Q4-2022,Tier 3,2.77,86.0,13,81,tier-3,False
SUP014,Q1-2023,Tier 3,5.78,86.2,13,63,tier-3,False
SUP014,Q2-2023,Tier 3,4.5,93.9,13,81,Tier 3,False
SUP014,Q3-2023,Tier 3,7.42,90.5,13,70,tier-3,False
SUP014,Q4-2023,Tier 3,0.42,97.9,13,93,tier-3,False
SUP015,Q1-2022,Tier 2,4.63,78.1,12,84,Tier 2,False
SUP015,Q2-2022,Tier 2,4.5,78.6,12,61,T2,False
SUP015,Q3-2022,Tier 2,6.82,88.4,12,68,tier-2,False
SUP015,Q1-2023,Tier 2,2.65,96.5,12,78,Tier 2,False
SUP015,Q2-2023,Tier 2,4.52,83.7,12,86,Tier 2,False
SUP015,Q3-2023,Tier 2,3.97,89.3,12,66,T2,False
SUP015,Q4-2023,Tier 2,7.71,96.0,12,94,tier-2,False
SUP016,Q1-2022,Tier 2,7.03,85.9,8,64,T2,False
SUP016,Q2-2022,Tier 2,3.85,89.9,8,64,tier-2,False
SUP016,Q3-2022,Tier 2,4.86,86.9,8,97,T2,False
SUP016,Q4-2022,Tier 2,0.95,94.7,8,74,tier-2,False
SUP016,Q1-2023,Tier 2,2.28,84.4,8,89,tier 2,False
SUP016,Q3-2023,Tier 2,3.71,92.5,8,94,tier-2,False
SUP016,Q4-2023,Tier 2,5.35,85.9,8,91,Tier 2,False
SUP017,Q2-2022,Tier 1,4.18,82.5,17,77,tier 1,False
SUP017,Q3-2022,Tier 1,2.75,80.0,17,65,tier-1,False
SUP017,Q4-2022,Tier 1,3.24,95.0,17,76,Tier 1,False
SUP017,Q1-2023,Tier 1,5.21,96.3,17,98,Tier 1,False
SUP017,Q2-2023,Tier 1,3.43,87.1,17,74,tier-1,False
SUP017,Q3-2023,Tier 1,7.95,98.1,17,61,T1,False
SUP018,Q1-2022,Tier 3,7.22,78.9,9,88,T3,False
SUP018,Q2-2022,Tier 3,6.7,80.5,9,71,Tier 3,False
SUP018,Q3-2022,Tier 3,1.25,89.2,9,62,tier-3,False
SUP018,Q4-2022,Tier 3,4.54,86.3,9,91,T3,False
SUP018,Q2-2023,Tier 3,2.49,82.0,9,77,tier-3,False
SUP018,Q3-2023,Tier 3,7.71,80.0,9,86,tier-3,False
SUP018,Q4-2023,Tier 3,6.64,98.5,9,94,T3,False
SUP019,Q1-2022,Tier 3,1.02,94.7,17,93,Tier 3,False
SUP019,Q2-2022,Tier 3,4.35,96.9,17,68,Tier 3,False
SUP019,Q3-2022,Tier 3,3.86,87.6,17,98,Tier 3,False
SUP019,Q4-2022,Tier 3,2.89,86.2,17,64,tier-3,False
SUP019,Q2-2023,Tier 3,3.57,97.5,17,63,Tier 3,False
SUP019,Q3-2023,Tier 3,0.28,81.3,17,94,tier-3,False
SUP019,Q4-2023,Tier 3,1.75,88.8,17,68,Tier 3,False
SUP020,Q1-2022,Tier 2,1.89,79.0,18,97,T2,False
SUP020,Q2-2022,Tier 2,0.51,82.1,18,65,tier 2,False
SUP020,Q3-2022,Tier 2,4.3,91.1,18,82,T2,False
SUP020,Q4-2022,Tier 2,6.4,91.0,18,86,Tier 2,False
SUP020,Q1-2023,Tier 2,2.78,79.9,18,94,tier-2,False
SUP020,Q2-2023,Tier 2,3.5,97.9,18,93,tier-2,False
SUP020,Q3-2023,Tier 2,4.32,81.8,18,75,Tier 2,False
SUP020,Q4-2023,Tier 2,5.23,92.1,18,66,tier-2,False
SUP021,Q1-2022,Tier 1,5.78,81.5,13,88,T1,False
SUP021,Q2-2022,Tier 1,0.86,88.5,13,97,Tier 1,False
SUP021,Q3-2022,Tier 1,4.07,87.2,13,71,tier-1,False
SUP021,Q4-2022,Tier 1,3.82,86.9,13,99,tier 1,False
SUP021,Q2-2023,Tier 1,1.82,91.4,13,84,T1,False
SUP021,Q3-2023,Tier 1,3.75,96.8,13,62,T1,False
SUP021,Q4-2023,Tier 1,0.48,95.3,13,88,T1,False
SUP022,Q1-2022,Tier 1,3.43,91.4,17,67,tier 1,False
SUP022,Q2-2022,Tier 1,2.78,91.9,17,94,Tier 1,False
SUP022,Q3-2022,Tier 1,7.68,85.8,17,83,T1,False
SUP022,Q4-2022,Tier 1,4.05,93.5,17,77,tier-1,False
SUP022,Q1-2023,Tier 1,1.72,93.6,17,73,tier 1,False
SUP022,Q2-2023,Tier 1,5.01,93.7,17,65,T1,False
SUP022,Q3-2023,Tier 1,2.18,80.3,17,63,tier-1,False
SUP022,Q4-2023,Tier 1,1.58,84.1,17,98,T1,False
SUP023,Q1-2022,Tier 3,6.08,92.9,11,81,Tier 3,False
SUP023,Q2-2022,Tier 3,2.86,88.0,11,92,T3,False
SUP023,Q3-2022,Tier 3,2.47,80.7,11,65,Tier 3,False
SUP023,Q4-2022,Tier 3,5.64,79.5,11,76,T3,False
SUP023,Q1-2023,Tier 3,5.98,95.1,11,79,Tier 3,False
SUP023,Q2-2023,Tier 3,6.56,83.1,11,73,Tier 3,False
SUP023,Q3-2023,Tier 3,3.74,86.2,11,74,T3,False
SUP023,Q4-2023,Tier 3,6.01,84.6,11,67,T3,False
SUP024,Q1-2022,Tier 2,3.51,84.4,10,94,T2,False
SUP024,Q2-2022,Tier 2,6.11,97.5,10,74,T2,False
SUP024,Q3-2022,Tier 2,5.14,96.2,10,84,Tier 2,False
SUP024,Q4-2022,Tier 2,7.12,97.1,10,99,T2,False
SUP024,Q1-2023,Tier 2,3.69,79.7,10,88,tier 2,False
SUP024,Q2-2023,Tier 2,3.95,86.6,10,60,tier-2,False
SUP024,Q3-2023,Tier 2,4.42,95.6,10,99,tier-2,False
SUP024,Q4-2023,Tier 2,6.34,95.8,10,64,Tier 2,False
SUP025,Q1-2022,Tier 2,7.12,84.6,20,99,tier-2,False
SUP025,Q2-2022,Tier 2,2.14,90.7,20,85,tier 2,False
SUP025,Q3-2022,Tier 2,4.46,84.2,20,97,tier-2,False
SUP025,Q4-2022,Tier 2,1.56,79.2,20,85,Tier 2,False
SUP025,Q1-2023,Tier 2,6.67,92.3,20,97,Tier 2,False
SUP025,Q2-2023,Tier 2,1.4,95.1,20,99,tier-2,False
SUP025,Q3-2023,Tier 2,1.12,92.2,20,70,T2,False
SUP025,Q4-2023,Tier 2,1.88,83.8,20,73,tier-2,False
SUP026,Q1-2022,Tier 1,3.44,87.1,24,87,Tier 1,False
SUP026,Q2-2022,Tier 1,6.17,85.9,24,70,tier 1,False
SUP026,Q3-2022,Tier 1,1.7,78.1,24,82,tier-1,False
SUP026,Q4-2022,Tier 1,0.31,82.4,24,82,tier-1,False
SUP026,Q1-2023,Tier 1,6.48,79.9,24,65,tier 1,False
SUP026,Q2-2023,Tier 1,2.97,82.0,24,75,Tier 1,False
SUP026,Q3-2023,Tier 1,3.28,88.1,24,89,tier 1,False
SUP026,Q4-2023,Tier 1,5.52,98.6,24,94,T1,False
SUP027,Q1-2022,Tier 2,7.39,83.2,8,76,Tier 2,False
SUP027,Q2-2022,Tier 2,6.04,80.1,8,76,tier 2,False
SUP027,Q3-2022,Tier 2,1.48,87.7,8,78,Tier 2,False
SUP027,Q4-2022,Tier 2,6.37,97.1,8,81,T2,False
SUP027,Q1-2023,Tier 2,2.19,83.3,8,92,tier-2,False
SUP027,Q2-2023,Tier 2,7.55,86.4,8,97,tier 2,False
SUP027,Q3-2023,Tier 2,3.19,78.7,8,68,Tier 2,False
SUP027,Q4-2023,Tier 2,5.11,94.4,8,66,tier-2,False
SUP028,Q1-2022,Tier 3,6.81,95.8,9,62,T3,False
SUP028,Q3-2022,Tier 3,2.45,91.0,9,69,tier-3,False
SUP028,Q4-2022,Tier 3,1.03,94.4,9,66,Tier 3,False
SUP028,Q1-2023,Tier 3,3.53,96.4,9,97,tier-3,False
SUP028,Q2-2023,Tier 3,5.96,95.2,9,66,T3,False
SUP028,Q3-2023,Tier 3,0.94,83.0,9,89,tier-3,False
SUP028,Q4-2023,Tier 3,4.04,90.2,9,94,T3,False
SUP029,Q1-2022,Tier 3,7.31,83.2,12,90,T3,False
SUP029,Q2-2022,Tier 3,4.18,82.0,12,89,T3,False
SUP029,Q3-2022,Tier 3,7.69,93.2,12,92,T3,False
SUP029,Q4-2022,Tier 3,2.82,91.4,12,96,tier-3,False
SUP029,Q1-2023,Tier 3,7.89,80.0,12,83,T3,False
SUP029,Q2-2023,Tier 3,2.27,94.5,12,76,tier-3,False
SUP029,Q3-2023,Tier 3,7.84,96.6,12,91,Tier 3,False
SUP029,Q4-2023,Tier 3,2.69,90.7,12,72,Tier 3,False
SUP030,Q1-2022,Tier 2,0.2,82.6,10,86,tier 2,False
SUP030,Q2-2022,Tier 2,4.51,88.4,10,78,T2,False
SUP030,Q3-2022,Tier 2,6.92,78.6,10,62,tier-2,False
SUP030,Q4-2022,Tier 2,7.56,79.1,10,74,tier 2,False
SUP030,Q1-2023,Tier 2,6.93,93.7,10,89,Tier 2,False
SUP030,Q2-2023,Tier 2,1.73,89.2,10,76,tier-2,False
SUP030,Q3-2023,Tier 2,1.85,78.6,10,91,tier-2,False
SUP030,Q4-2023,Tier 2,5.68,91.3,10,74,T2,False
SUP031,Q1-2022,Tier 2,3.81,87.4,19,62,tier-2,False
SUP031,Q2-2022,Tier 2,7.1,95.0,19,85,tier 2,False
SUP031,Q3-2022,Tier 2,4.63,81.0,19,70,tier 2,False
SUP031,Q4-2022,Tier 2,7.38,85.0,19,98,tier 2,False
SUP031,Q1-2023,Tier 2,1.69,79.9,19,67,T2,False
SUP031,Q3-2023,Tier 2,0.59,80.8,19,64,tier 2,False
SUP031,Q4-2023,Tier 2,4.64,94.3,19,61,T2,False
SUP032,Q1-2022,Tier 3,5.11,89.0,17,97,Tier 3,False
SUP032,Q2-2022,Tier 3,2.77,87.8,17,88,T3,False
SUP032,Q3-2022,Tier 3,6.37,83.5,17,76,tier-3,False
SUP032,Q4-2022,Tier 3,6.74,84.9,17,66,tier-3,False
SUP032,Q1-2023,Tier 3,6.85,79.6,17,95,tier-3,False
SUP032,Q2-2023,Tier 3,1.73,92.5,17,90,tier-3,False
SUP032,Q3-2023,Tier 3,2.36,89.9,17,69,T3,False
SUP032,Q4-2023,Tier 3,4.97,90.8,17,71,Tier 3,False
SUP033,Q1-2022,Tier 1,5.55,92.2,8,84,tier-1,False
SUP033,Q2-2022,Tier 1,0.59,87.4,8,62,T1,False
SUP033,Q3-2022,Tier 1,1.78,87.3,8,76,T1,False
SUP033,Q4-2022,Tier 1,1.9,95.4,8,78,T1,False
SUP033,Q1-2023,Tier 1,3.78,88.5,8,81,Tier 1,False
SUP033,Q2-2023,Tier 1,7.42,88.3,8,98,Tier 1,False
SUP033,Q3-2023,Tier 1,5.9,79.5,8,81,T1,False
SUP033,Q4-2023,Tier 1,3.85,97.4,8,73,tier 1,False
SUP034,Q1-2022,Tier 3,7.7,87.5,14,83,Tier 3,False
SUP034,Q2-2022,Tier 3,0.76,78.0,14,67,T3,False
SUP034,Q3-2022,Tier 3,6.15,93.4,14,88,T3,False
SUP034,Q4-2022,Tier 3,1.23,97.8,14,61,tier-3,False
SUP034,Q1-2023,Tier 3,5.01,84.9,14,75,tier-3,False
SUP034,Q2-2023,Tier 3,6.08,82.8,14,85,Tier 3,False
SUP034,Q3-2023,Tier 3,4.0,93.9,14,79,tier-3,False
SUP034,Q4-2023,Tier 3,1.79,84.0,14,93,tier-3,False
SUP035,Q1-2022,Tier 2,4.66,98.9,11,70,tier 2,False
SUP035,Q2-2022,Tier 2,4.21,91.4,11,88,tier 2,False
SUP035,Q3-2022,Tier 2,1.63,89.1,11,94,T2,False
SUP035,Q4-2022,Tier 2,2.43,87.2,11,69,T2,False
SUP035,Q1-2023,Tier 2,7.25,94.8,11,99,Tier 2,False
SUP035,Q2-2023,Tier 2,2.57,89.5,11,63,Tier 2,False
SUP035,Q3-2023,Tier 2,5.09,86.6,11,82,tier 2,False
SUP035,Q4-2023,Tier 2,2.67,84.9,11,81,T2,False
SUP036,Q1-2022,Tier 1,6.8,87.4,7,62,tier 1,False
SUP036,Q2-2022,Tier 1,4.43,78.4,7,69,Tier 1,False
SUP036,Q3-2022,Tier 1,1.42,91.8,7,95,T1,False
SUP036,Q2-2023,Tier 1,0.17,95.8,7,71,Tier 1,False
SUP036,Q3-2023,Tier 1,4.85,87.3,7,86,tier 1,False
SUP037,Q1-2022,Tier 1,7.14,78.2,13,81,tier 1,False
SUP037,Q2-2022,Tier 1,4.4,81.2,13,67,tier-1,False
SUP037,Q3-2022,Tier 1,5.28,93.2,13,67,tier 1,False
SUP037,Q4-2022,Tier 1,3.95,84.3,13,83,tier 1,False
SUP037,Q1-2023,Tier 1,2.88,82.7,13,89,tier 1,False
SUP037,Q2-2023,Tier 1,5.69,78.4,13,61,T1,False
SUP037,Q3-2023,Tier 1,5.15,90.8,13,85,tier 1,False
SUP037,Q4-2023,Tier 1,5.69,80.2,13,91,tier 1,False
SUP038,Q1-2022,Tier 2,1.96,78.9,22,79,T2,False
SUP038,Q2-2022,Tier 2,3.64,86.7,22,63,tier-2,False
SUP038,Q3-2022,Tier 2,7.41,82.2,22,67,tier 2,False
SUP038,Q4-2022,Tier 2,0.14,97.4,22,80,T2,False
SUP038,Q2-2023,Tier 2,7.76,97.0,22,98,tier-2,False
SUP038,Q3-2023,Tier 2,4.4,79.6,22,62,tier 2,False
SUP038,Q4-2023,Tier 2,4.92,86.8,22,93,Tier 2,False
SUP039,Q1-2022,Tier 3,5.92,79.6,17,82,T3,False
SUP039,Q2-2022,Tier 3,6.79,87.9,17,88,Tier 3,False
SUP039,Q3-2022,Tier 3,7.76,93.4,17,80,T3,False
SUP039,Q4-2022,Tier 3,1.4,82.6,17,89,T3,False
SUP039,Q1-2023,Tier 3,5.87,82.5,17,78,T3,False
SUP039,Q2-2023,Tier 3,3.03,95.9,17,91,tier-3,False
SUP039,Q3-2023,Tier 3,7.41,83.4,17,69,Tier 3,False
SUP039,Q4-2023,Tier 3,7.9,81.2,17,78,Tier 3,False
SUP040,Q1-2022,Tier 1,2.72,79.5,6,76,T1,False
SUP040,Q2-2022,Tier 1,2.28,85.0,6,79,tier 1,False
SUP040,Q3-2022,Tier 1,4.16,95.7,6,61,T1,False
SUP040,Q4-2022,Tier 1,5.21,80.4,6,77,T1,False
SUP040,Q1-2023,Tier 1,3.91,81.0,6,70,Tier 1,False
SUP040,Q2-2023,Tier 1,0.38,84.0,6,66,tier 1,False
SUP040,Q3-2023,Tier 1,3.53,86.7,6,81,tier 1,False
SUP040,Q4-2023,Tier 1,0.26,90.9,6,80,tier-1,False
SUP041,Q1-2022,Tier 3,0.87,78.3,11,74,T3,False
SUP041,Q2-2022,Tier 3,3.65,86.3,11,90,T3,False
SUP041,Q3-2022,Tier 3,4.24,90.5,11,92,Tier 3,False
SUP041,Q1-2023,Tier 3,2.76,86.8,11,89,Tier 3,False
SUP041,Q2-2023,Tier 3,7.54,78.5,11,64,T3,False
SUP041,Q3-2023,Tier 3,6.11,84.0,11,90,T3,False
SUP041,Q4-2023,Tier 3,7.43,98.6,11,91,tier-3,False
SUP042,Q1-2022,Tier 3,4.38,81.1,19,61,Tier 3,False
SUP042,Q2-2022,Tier 3,7.9,78.3,19,63,tier-3,False
SUP042,Q3-2022,Tier 3,2.59,88.1,19,78,T3,False
SUP042,Q4-2022,Tier 3,3.8,80.7,19,68,T3,False
SUP042,Q1-2023,Tier 3,2.13,88.6,19,62,Tier 3,False
SUP042,Q2-2023,Tier 3,3.39,97.5,19,89,T3,False
SUP042,Q3-2023,Tier 3,2.07,88.6,19,80,T3,False
SUP042,Q4-2023,Tier 3,3.59,83.9,19,76,T3,False
SUP043,Q1-2022,Tier 2,4.25,98.5,22,69,T2,False
SUP043,Q2-2022,Tier 2,0.25,86.2,22,67,tier 2,False
SUP043,Q3-2022,Tier 2,5.44,81.8,22,80,T2,False
SUP043,Q4-2022,Tier 2,2.84,85.3,22,86,tier-2,False
SUP043,Q1-2023,Tier 2,3.73,85.6,22,64,tier 2,False
SUP043,Q2-2023,Tier 2,1.71,96.9,22,94,tier 2,False
SUP043,Q3-2023,Tier 2,0.31,88.4,22,82,Tier 2,False
SUP043,Q4-2023,Tier 2,5.98,80.7,22,64,tier 2,False
SUP044,Q1-2022,Tier 2,4.85,92.9,10,92,tier 2,False
SUP044,Q2-2022,Tier 2,7.94,85.2,10,81,T2,False
SUP044,Q3-2022,Tier 2,4.27,81.7,10,66,tier 2,False
SUP044,Q4-2022,Tier 2,0.11,97.5,10,84,T2,False
SUP044,Q2-2023,Tier 2,1.92,83.8,10,70,Tier 2,False
SUP044,Q4-2023,Tier 2,1.54,86.0,10,76,tier 2,False
SUP045,Q1-2022,Tier 3,2.62,79.9,12,84,tier-3,False
SUP045,Q2-2022,Tier 3,6.05,98.8,12,61,tier-3,False
SUP045,Q3-2022,Tier 3,4.03,89.2,12,97,Tier 3,False
SUP045,Q4-2022,Tier 3,6.12,95.7,12,72,Tier 3,False
SUP045,Q1-2023,Tier 3,3.47,94.1,12,88,tier-3,False
SUP045,Q2-2023,Tier 3,7.43,80.0,12,92,T3,False
SUP045,Q3-2023,Tier 3,6.16,80.0,12,71,Tier 3,False
SUP046,Q1-2022,Tier 2,6.39,90.7,18,80,T2,False
SUP046,Q2-2022,Tier 2,2.21,86.7,18,94,Tier 2,False
SUP046,Q4-2022,Tier 2,2.12,86.2,18,94,tier-2,False
SUP046,Q1-2023,Tier 2,2.16,96.8,18,77,tier 2,False
SUP046,Q2-2023,Tier 2,2.62,88.6,18,62,tier-2,False
SUP046,Q3-2023,Tier 2,4.02,81.2,18,76,T2,False
SUP046,Q4-2023,Tier 2,4.53,86.7,18,79,tier 2,False
SUP047,Q1-2022,Tier 2,7.76,94.5,21,79,tier-2,False
SUP047,Q2-2022,Tier 2,1.14,89.1,21,98,tier 2,False
SUP047,Q3-2022,Tier 2,6.55,90.3,21,72,tier-2,False
SUP047,Q4-2022,Tier 2,0.92,89.8,21,70,tier 2,False
SUP047,Q1-2023,Tier 2,0.47,90.6,21,67,tier-2,False
SUP047,Q3-2023,Tier 2,2.07,91.9,21,92,Tier 2,False
SUP047,Q4-2023,Tier 2,7.5,96.8,21,70,tier 2,False
SUP048,Q1-2022,Tier 1,4.7,93.1,8,79,Tier 1,False
SUP048,Q2-2022,Tier 1,0.83,99.0,8,77,tier-1,False
SUP048,Q3-2022,Tier 1,6.98,88.1,8,90,T1,False
SUP048,Q4-2022,Tier 1,0.91,97.5,8,96,Tier 1,False
SUP048,Q1-2023,Tier 1,2.52,85.5,8,87,Tier 1,False
SUP048,Q2-2023,Tier 1,1.52,96.9,8,78,Tier 1,False
SUP048,Q3-2023,Tier 1,5.64,79.4,8,83,T1,False
SUP048,Q4-2023,Tier 1,2.71,91.8,8,61,T1,False
SUP049,Q1-2022,Tier 1,5.99,96.4,13,63,T1,False
SUP049,Q2-2022,Tier 1,2.56,85.7,13,94,T1,False
SUP049,Q3-2022,Tier 1,0.49,85.7,13,81,T1,False
SUP049,Q4-2022,Tier 1,3.09,82.1,13,87,tier 1,False
SUP049,Q1-2023,Tier 1,3.11,85.3,13,70,Tier 1,False
SUP049,Q2-2023,Tier 1,6.17,86.0,13,71,T1,False
SUP049,Q3-2023,Tier 1,4.18,97.1,13,83,tier 1,False
SUP049,Q4-2023,Tier 1,0.47,87.0,13,99,tier-1,False
SUP050,Q1-2022,Tier 2,3.67,79.9,18,77,T2,False
SUP050,Q2-2022,Tier 2,6.01,88.7,18,82,Tier 2,False
SUP050,Q3-2022,Tier 2,6.95,91.2,18,97,T2,False
SUP050,Q4-2022,Tier 2,6.74,96.3,18,84,tier-2,False
SUP050,Q2-2023,Tier 2,1.73,96.1,18,90,Tier 2,False
SUP050,Q3-2023,Tier 2,1.5,85.1,18,85,Tier 2,False
SUP050,Q4-2023,Tier 2,1.63,80.0,18,79,tier-2,False
SUP051,Q1-2022,Tier 3,1.6,84.1,22,67,tier-3,False
SUP051,Q2-2022,Tier 3,4.88,84.5,22,98,T3,False
SUP051,Q3-2022,Tier 3,0.32,93.3,22,84,T3,False
SUP051,Q1-2023,Tier 3,7.59,93.9,22,61,tier-3,False
SUP051,Q2-2023,Tier 3,3.89,87.2,22,63,Tier 3,False
SUP051,Q3-2023,Tier 3,3.45,90.6,22,72,Tier 3,False
SUP051,Q4-2023,Tier 3,7.96,79.7,22,75,tier-3,False
SUP052,Q1-2022,Tier 3,2.82,84.0,12,70,tier-3,False
SUP052,Q2-2022,Tier 3,3.97,97.3,12,66,Tier 3,False
SUP052,Q1-2023,Tier 3,0.64,83.5,12,75,Tier 3,False
SUP052,Q2-2023,Tier 3,1.58,90.0,12,99,tier-3,False
SUP052,Q3-2023,Tier 3,4.64,85.9,12,72,T3,False
SUP052,Q4-2023,Tier 3,3.43,92.5,12,93,tier-3,False
SUP053,Q1-2022,Tier 3,4.54,79.5,9,94,Tier 3,False
SUP053,Q2-2022,Tier 3,0.55,93.3,9,97,tier-3,False
SUP053,Q3-2022,Tier 3,0.53,96.1,9,71,Tier 3,False
SUP053,Q4-2022,Tier 3,0.71,78.5,9,95,T3,False
SUP053,Q1-2023,Tier 3,1.88,89.5,9,62,tier-3,False
SUP053,Q2-2023,Tier 3,6.36,88.3,9,61,T3,False
SUP053,Q3-2023,Tier 3,1.2,95.4,9,80,tier-3,False
SUP054,Q1-2022,Tier 2,5.32,92.4,10,79,Tier 2,False
SUP054,Q2-2022,Tier 2,3.35,85.7,10,73,tier-2,False
SUP054,Q3-2022,Tier 2,2.62,84.4,10,80,Tier 2,False
SUP054,Q4-2022,Tier 2,2.92,81.1,10,92,tier 2,False
SUP054,Q1-2023,Tier 2,1.07,92.6,10,94,tier 2,False
SUP054,Q2-2023,Tier 2,1.9,81.2,10,82,Tier 2,False
SUP054,Q4-2023,Tier 2,7.9,78.9,10,60,tier 2,False
SUP055,Q2-2022,Tier 2,6.05,85.5,11,89,tier 2,False
SUP055,Q4-2022,Tier 2,7.93,83.4,11,75,T2,False
SUP055,Q1-2023,Tier 2,4.44,90.5,11,67,tier 2,False
SUP055,Q2-2023,Tier 2,6.02,96.7,11,75,T2,False
SUP055,Q3-2023,Tier 2,4.45,84.2,11,92,tier-2,False
SUP055,Q4-2023,Tier 2,7.46,92.3,11,96,tier 2,False
SUP056,Q1-2022,Tier 2,4.3,88.2,24,73,tier 2,False
SUP056,Q2-2022,Tier 2,4.22,79.4,24,64,tier-2,False
SUP056,Q3-2022,Tier 2,0.99,82.2,24,90,tier-2,False
SUP056,Q4-2022,Tier 2,7.2,93.2,24,90,T2,False
SUP056,Q2-2023,Tier 2,5.05,93.9,24,62,Tier 2,False
SUP056,Q3-2023,Tier 2,4.69,84.8,24,93,tier-2,False
SUP056,Q4-2023,Tier 2,7.66,90.3,24,67,tier 2,False
SUP057,Q1-2022,Tier 1,6.05,99.0,18,79,tier 1,False
SUP057,Q2-2022,Tier 1,4.32,88.1,18,66,tier 1,False
SUP057,Q3-2022,Tier 1,0.39,86.5,18,94,tier-1,False
SUP057,Q4-2022,Tier 1,5.26,93.1,18,83,Tier 1,False
SUP057,Q1-2023,Tier 1,6.32,91.1,18,97,tier 1,False
SUP057,Q2-2023,Tier 1,0.81,83.7,18,81,tier-1,False
SUP057,Q3-2023,Tier 1,6.98,92.3,18,73,T1,False
SUP057,Q4-2023,Tier 1,1.77,93.4,18,63,tier 1,False
SUP058,Q1-2022,Tier 1,4.73,85.1,22,93,tier-1,False
SUP058,Q2-2022,Tier 1,6.91,93.2,22,74,tier-1,False
SUP058,Q3-2022,Tier 1,0.4,81.0,22,80,tier-1,False
SUP058,Q4-2022,Tier 1,2.99,97.8,22,75,tier-1,False
SUP058,Q1-2023,Tier 1,0.85,85.1,22,80,tier-1,False
SUP058,Q2-2023,Tier 1,3.07,94.2,22,92,Tier 1,False
SUP058,Q3-2023,Tier 1,4.87,98.1,22,92,T1,False
SUP058,Q4-2023,Tier 1,0.41,97.4,22,97,Tier 1,False
SUP059,Q1-2022,Tier 1,4.42,82.4,22,89,tier 1,False
SUP059,Q2-2022,Tier 1,0.27,92.3,22,92,tier 1,False
SUP059,Q3-2022,Tier 1,6.63,83.8,22,93,T1,False
SUP059,Q4-2022,Tier 1,7.5,89.2,22,62,tier 1,False
SUP059,Q1-2023,Tier 1,3.7,86.8,22,94,tier 1,False
SUP059,Q2-2023,Tier 1,1.86,95.6,22,64,tier 1,False
SUP059,Q3-2023,Tier 1,1.81,89.5,22,99,Tier 1,False
SUP059,Q4-2023,Tier 1,4.51,85.7,22,68,Tier 1,False
SUP060,Q1-2022,Tier 2,1.21,97.2,20,85,T2,False
SUP060,Q2-2022,Tier 2,6.63,91.3,20,81,tier 2,False
SUP060,Q3-2022,Tier 2,5.52,78.3,20,84,T2,False
SUP060,Q4-2022,Tier 2,4.68,94.4,20,65,tier-2,False
SUP060,Q2-2023,Tier 2,4.06,87.2,20,75,tier-2,False
SUP060,Q3-2023,Tier 2,2.0,89.1,20,95,tier 2,False
SUP060,Q4-2023,Tier 2,1.38,84.7,20,75,tier-2,False
SUP061,Q1-2022,Tier 2,3.99,91.5,23,71,tier-2,False
SUP061,Q2-2022,Tier 2,2.28,92.5,23,99,tier-2,False
SUP061,Q3-2022,Tier 2,3.71,78.7,23,61,tier 2,False
SUP061,Q4-2022,Tier 2,5.43,93.7,23,69,tier-2,False
SUP061,Q1-2023,Tier 2,3.17,78.9,23,80,tier-2,False
SUP061,Q2-2023,Tier 2,5.24,98.9,23,75,tier-2,False
SUP061,Q3-2023,Tier 2,6.01,95.4,23,60,T2,False
SUP061,Q4-2023,Tier 2,4.96,92.6,23,92,Tier 2,False
SUP062,Q1-2022,Tier 3,7.41,78.5,22,71,Tier 3,False
SUP062,Q3-2022,Tier 3,0.03,87.4,22,93,T3,False
SUP062,Q4-2022,Tier 3,1.33,87.5,22,63,Tier 3,False
SUP062,Q1-2023,Tier 3,7.15,91.7,22,76,tier-3,False
SUP062,Q2-2023,Tier 3,2.36,97.2,22,79,tier-3,False
SUP062,Q3-2023,Tier 3,7.54,98.0,22,63,tier-3,False
SUP062,Q4-2023,Tier 3,5.34,87.6,22,88,Tier 3,False
SUP063,Q2-2022,Tier 1,4.91,82.9,20,91,T1,False
SUP063,Q3-2022,Tier 1,7.09,95.2,20,86,tier 1,False
SUP063,Q4-2022,Tier 1,6.18,83.7,20,65,tier-1,False
SUP063,Q1-2023,Tier 1,6.89,95.3,20,79,tier-1,False
SUP063,Q2-2023,Tier 1,7.02,98.2,20,74,Tier 1,False
SUP063,Q3-2023,Tier 1,4.57,86.9,20,69,T1,False
SUP063,Q4-2023,Tier 1,2.74,84.1,20,86,tier-1,False
SUP064,Q1-2022,Tier 1,3.97,96.6,9,81,tier-1,False
SUP064,Q2-2022,Tier 1,3.43,87.8,9,85,T1,False
SUP064,Q3-2022,Tier 1,6.58,82.2,9,88,tier-1,False
SUP064,Q4-2022,Tier 1,4.6,96.1,9,88,Tier 1,False
SUP064,Q1-2023,Tier 1,7.05,93.3,9,96,T1,False
SUP064,Q2-2023,Tier 1,6.77,98.9,9,91,tier-1,False
SUP064,Q3-2023,Tier 1,6.51,93.6,9,62,Tier 1,False
SUP064,Q4-2023,Tier 1,3.16,89.9,9,78,Tier 1,False
SUP065,Q1-2022,Tier 3,6.73,86.3,15,64,T3,False
SUP065,Q2-2022,Tier 3,1.97,88.3,15,82,tier-3,False
SUP065,Q3-2022,Tier 3,0.56,90.1,15,92,Tier 3,False
SUP065,Q4-2022,Tier 3,4.91,87.4,15,71,tier-3,False
SUP065,Q1-2023,Tier 3,4.66,88.5,15,75,T3,False
SUP065,Q2-2023,Tier 3,6.54,93.7,15,62,Tier 3,False
SUP065,Q3-2023,Tier 3,6.83,81.2,15,73,Tier 3,False
SUP065,Q4-2023,Tier 3,2.28,93.5,15,74,tier-3,False
SUP066,Q1-2022,Tier 2,2.04,88.7,9,66,tier 2,False
SUP066,Q2-2022,Tier 2,7.01,98.7,9,97,tier 2,False
SUP066,Q3-2022,Tier 2,1.33,95.2,9,81,tier 2,False
SUP066,Q4-2022,Tier 2,6.97,92.5,9,61,tier-2,False
SUP066,Q1-2023,Tier 2,3.1,95.1,9,82,T2,False
SUP066,Q2-2023,Tier 2,7.14,82.8,9,88,Tier 2,False
SUP066,Q3-2023,Tier 2,5.14,98.4,9,62,tier-2,False
SUP066,Q4-2023,Tier 2,1.12,96.1,9,69,tier 2,False
SUP067,Q1-2022,Tier 1,7.93,78.3,24,69,Tier 1,False
SUP067,Q2-2022,Tier 1,4.1,95.0,24,70,tier 1,False
SUP067,Q3-2022,Tier 1,1.34,93.6,24,74,tier 1,False
SUP067,Q4-2022,Tier 1,1.09,86.3,24,80,Tier 1,False
SUP067,Q2-2023,Tier 1,4.44,85.0,24,95,Tier 1,False
SUP067,Q3-2023,Tier 1,3.68,81.8,24,62,T1,False
SUP067,Q4-2023,Tier 1,4.6,80.0,24,81,T1,False
SUP068,Q1-2022,Tier 3,6.12,85.6,11,93,T3,False
SUP068,Q2-2022,Tier 3,1.65,81.9,11,90,Tier 3,False
SUP068,Q4-2022,Tier 3,5.79,95.6,11,79,Tier 3,False
SUP068,Q1-2023,Tier 3,7.06,94.7,11,96,Tier 3,False
SUP068,Q2-2023,Tier 3,5.39,89.0,11,94,tier-3,False
SUP068,Q3-2023,Tier 3,7.35,80.1,11,83,T3,False
SUP069,Q1-2022,Tier 3,3.56,92.2,11,62,tier-3,False
SUP069,Q2-2022,Tier 3,1.29,94.8,11,93,tier-3,False
SUP069,Q3-2022,Tier 3,0.39,93.8,11,84,Tier 3,False
SUP069,Q4-2022,Tier 3,4.11,83.5,11,74,tier-3,False
SUP069,Q1-2023,Tier 3,0.94,80.2,11,63,T3,False
SUP069,Q2-2023,Tier 3,1.73,92.5,11,85,T3,False
SUP069,Q3-2023,Tier 3,4.31,97.6,11,78,T3,False
SUP069,Q4-2023,Tier 3,0.6,93.5,11,75,T3,False
SUP070,Q1-2022,Tier 3,4.64,91.2,9,99,T3,False
SUP070,Q2-2022,Tier 3,5.44,94.2,9,73,T3,False
SUP070,Q3-2022,Tier 3,0.49,90.5,9,99,tier-3,False
SUP070,Q4-2022,Tier 3,1.96,84.9,9,82,tier-3,False
SUP070,Q1-2023,Tier 3,1.33,78.9,9,89,Tier 3,False
SUP070,Q2-2023,Tier 3,5.55,78.8,9,77,tier-3,False
SUP070,Q3-2023,Tier 3,2.26,90.5,9,61,tier-3,False
SUP070,Q4-2023,Tier 3,7.39,84.0,9,86,Tier 3,False
SUP071,Q2-2022,Tier 1,7.85,93.5,18,62,T1,False
SUP071,Q3-2022,Tier 1,6.5,93.5,18,78,tier-1,False
SUP071,Q4-2022,Tier 1,3.61,87.7,18,68,Tier 1,False
SUP071,Q1-2023,Tier 1,5.15,91.6,18,93,T1,False
SUP071,Q2-2023,Tier 1,2.97,79.0,18,67,T1,False
SUP071,Q3-2023,Tier 1,3.51,83.2,18,91,T1,False
SUP071,Q4-2023,Tier 1,4.7,82.9,18,83,Tier 1,False
SUP072,Q1-2022,Tier 1,3.01,86.0,6,71,Tier 1,False
SUP072,Q2-2022,Tier 1,2.57,93.9,6,77,tier 1,False
SUP072,Q3-2022,Tier 1,5.29,87.1,6,67,tier 1,False
SUP072,Q4-2022,Tier 1,3.32,89.0,6,89,tier 1,False
SUP072,Q1-2023,Tier 1,0.83,86.7,6,93,tier-1,False
SUP072,Q2-2023,Tier 1,4.46,97.5,6,64,Tier 1,False
SUP072,Q4-2023,Tier 1,3.66,78.4,6,77,T1,False
SUP073,Q1-2022,Tier 2,1.73,83.8,9,65,tier-2,False
SUP073,Q2-2022,Tier 2,0.01,81.4,9,76,tier 2,False
SUP073,Q3-2022,Tier 2,4.4,84.9,9,78,Tier 2,False
SUP073,Q4-2022,Tier 2,0.19,97.8,9,81,T2,False
SUP073,Q1-2023,Tier 2,1.01,81.1,9,95,tier-2,False
SUP073,Q2-2023,Tier 2,4.88,98.7,9,99,T2,False
SUP073,Q3-2023,Tier 2,7.8,82.3,9,94,tier 2,False
SUP073,Q4-2023,Tier 2,3.07,97.6,9,84,Tier 2,False
SUP074,Q1-2022,Tier 3,3.03,91.6,11,65,Tier 3,False
SUP074,Q2-2022,Tier 3,0.46,97.4,11,75,tier-3,False
SUP074,Q3-2022,Tier 3,1.19,89.2,11,82,Tier 3,False
SUP074,Q4-2022,Tier 3,3.65,81.3,11,92,T3,False
SUP074,Q1-2023,Tier 3,0.28,92.9,11,69,Tier 3,False
SUP074,Q2-2023,Tier 3,0.06,81.4,11,64,Tier 3,False
SUP074,Q4-2023,Tier 3,5.47,90.4,11,86,Tier 3,False
SUP075,Q1-2022,Tier 1,4.75,82.4,14,74,tier-1,False
SUP075,Q2-2022,Tier 1,7.06,92.0,14,91,tier-1,False
SUP075,Q3-2022,Tier 1,0.69,83.1,14,78,tier 1,False
SUP075,Q1-2023,Tier 1,1.78,95.1,14,99,Tier 1,False
SUP075,Q2-2023,Tier 1,3.35,84.8,14,66,tier 1,False
SUP075,Q3-2023,Tier 1,7.66,96.4,14,97,tier-1,False
SUP075,Q4-2023,Tier 1,1.18,97.2,14,66,tier 1,False
SUP076,Q1-2022,Tier 2,1.26,78.2,20,80,tier 2,False
SUP076,Q2-2022,Tier 2,7.31,94.7,20,86,tier 2,False
SUP076,Q3-2022,Tier 2,4.74,83.4,20,98,Tier 2,False
SUP076,Q4-2022,Tier 2,2.56,84.0,20,66,Tier 2,False
SUP076,Q1-2023,Tier 2,3.75,91.7,20,82,tier 2,False
SUP076,Q2-2023,Tier 2,7.44,88.6,20,76,tier-2,False
SUP076,Q3-2023,Tier 2,5.68,93.0,20,92,tier-2,False
SUP076,Q4-2023,Tier 2,4.91,83.8,20,89,Tier 2,False
SUP077,Q1-2022,Tier 1,0.53,83.1,6,79,T1,False
SUP077,Q2-2022,Tier 1,1.28,90.8,6,62,Tier 1,False
SUP077,Q3-2022,Tier 1,6.58,84.5,6,96,tier-1,False
SUP077,Q4-2022,Tier 1,3.78,91.8,6,81,Tier 1,False
SUP077,Q1-2023,Tier 1,7.83,80.1,6,84,T1,False
SUP077,Q2-2023,Tier 1,1.96,93.7,6,93,tier 1,False
SUP077,Q3-2023,Tier 1,6.2,90.4,6,81,tier 1,False
SUP078,Q1-2022,Tier 2,2.34,96.7,7,79,T2,False
SUP078,Q2-2022,Tier 2,2.23,92.9,7,90,tier 2,False
SUP078,Q3-2022,Tier 2,0.73,84.8,7,77,tier 2,False
SUP078,Q4-2022,Tier 2,5.94,88.0,7,69,Tier 2,False
SUP078,Q1-2023,Tier 2,2.51,81.0,7,75,tier 2,False
SUP078,Q2-2023,Tier 2,4.82,85.9,7,70,tier-2,False
SUP078,Q3-2023,Tier 2,0.52,83.3,7,75,tier 2,False
SUP078,Q4-2023,Tier 2,5.65,91.0,7,69,tier-2,False
SUP079,Q1-2022,Tier 2,5.08,86.0,23,60,Tier 2,False
SUP079,Q2-2022,Tier 2,6.12,87.4,23,75,T2,False
SUP079,Q3-2022,Tier 2,3.69,91.5,23,89,tier-2,False
SUP079,Q4-2022,Tier 2,1.99,96.6,23,79,tier 2,False
SUP079,Q1-2023,Tier 2,6.26,90.9,23,63,tier 2,False
SUP079,Q2-2023,Tier 2,4.94,81.2,23,93,tier-2,False
SUP079,Q3-2023,Tier 2,4.78,87.3,23,68,tier 2,False
SUP079,Q4-2023,Tier 2,7.06,85.9,23,62,Tier 2,False
SUP080,Q1-2022,Tier 2,1.46,93.4,13,62,Tier 2,False
SUP080,Q3-2022,Tier 2,6.53,93.2,13,77,tier-2,False
SUP080,Q4-2022,Tier 2,7.25,85.1,13,60,tier-2,False
SUP080,Q1-2023,Tier 2,2.14,82.7,13,84,tier-2,False
SUP080,Q2-2023,Tier 2,5.27,94.4,13,92,Tier 2,False
SUP080,Q3-2023,Tier 2,1.64,87.5,13,90,tier 2,False
SUP080,Q4-2023,Tier 2,7.35,96.4,13,66,Tier 2,False
SUP081,Q1-2022,Tier 3,7.72,87.8,23,96,tier-3,False
SUP081,Q2-2022,Tier 3,3.12,83.4,23,61,T3,False
SUP081,Q3-2022,Tier 3,7.63,82.1,23,62,T3,False
SUP081,Q4-2022,Tier 3,5.13,92.2,23,98,Tier 3,False
SUP081,Q1-2023,Tier 3,5.17,81.9,23,60,Tier 3,False
SUP081,Q2-2023,Tier 3,2.04,92.9,23,97,tier-3,False
SUP081,Q3-2023,Tier 3,3.61,91.3,23,66,T3,False
SUP081,Q4-2023,Tier 3,2.16,83.7,23,66,tier-3,False
SUP082,Q1-2022,Tier 2,2.65,87.5,18,66,tier 2,False
SUP082,Q2-2022,Tier 2,1.54,89.4,18,70,Tier 2,False
SUP082,Q3-2022,Tier 2,7.55,87.0,18,65,T2,False
SUP082,Q4-2022,Tier 2,0.79,78.9,18,70,tier-2,False
SUP082,Q1-2023,Tier 2,6.74,79.2,18,88,T2,False
SUP082,Q2-2023,Tier 2,3.01,84.4,18,83,tier-2,False
SUP082,Q3-2023,Tier 2,0.51,95.4,18,66,tier 2,False
SUP082,Q4-2023,Tier 2,5.88,92.9,18,65,tier 2,False
SUP083,Q1-2022,Tier 1,0.01,90.6,22,72,Tier 1,False
SUP083,Q2-2022,Tier 1,1.49,85.0,22,74,T1,False
SUP083,Q1-2023,Tier 1,2.5,98.6,22,64,T1,False
SUP083,Q2-2023,Tier 1,5.72,90.6,22,98,tier-1,False
SUP083,Q3-2023,Tier 1,0.77,82.0,22,81,Tier 1,False
SUP083,Q4-2023,Tier 1,7.89,92.1,22,63,tier 1,False
SUP084,Q1-2022,Tier 1,5.42,78.8,8,88,T1,False
SUP084,Q2-2022,Tier 1,2.92,78.1,8,61,Tier 1,False
SUP084,Q3-2022,Tier 1,2.06,88.3,8,80,tier 1,False
SUP084,Q4-2022,Tier 1,0.46,79.7,8,97,Tier 1,False
SUP084,Q1-2023,Tier 1,1.15,84.1,8,89,T1,False
SUP084,Q2-2023,Tier 1,0.21,89.6,8,79,tier 1,False
SUP084,Q3-2023,Tier 1,3.1,89.7,8,87,tier-1,False
SUP084,Q4-2023,Tier 1,1.23,97.6,8,81,tier-1,False
SUP085,Q1-2022,Tier 2,7.33,91.6,20,81,tier 2,False
SUP085,Q2-2022,Tier 2,0.03,79.3,20,97,tier 2,False
SUP085,Q3-2022,Tier 2,0.76,85.4,20,66,T2,False
SUP085,Q4-2022,Tier 2,4.72,81.1,20,88,tier 2,False
SUP085,Q1-2023,Tier 2,2.84,78.3,20,92,T2,False
SUP085,Q2-2023,Tier 2,2.19,95.0,20,71,tier 2,False
SUP085,Q3-2023,Tier 2,5.56,80.9,20,91,T2,False
SUP085,Q4-2023,Tier 2,1.56,91.6,20,92,T2,False
SUP086,Q1-2022,Tier 1,0.9,88.9,11,79,tier-1,False
SUP086,Q2-2022,Tier 1,1.31,80.8,11,77,tier 1,False
SUP086,Q3-2022,Tier 1,2.84,84.8,11,98,tier-1,False
SUP086,Q4-2022,Tier 1,4.5,97.3,11,91,tier-1,False
SUP086,Q1-2023,Tier 1,4.45,85.3,11,71,Tier 1,False
SUP086,Q2-2023,Tier 1,7.04,87.9,11,64,tier-1,False
SUP086,Q3-2023,Tier 1,2.17,88.3,11,98,tier-1,False
SUP087,Q1-2022,Tier 3,2.47,89.9,10,92,tier-3,False
SUP087,Q4-2022,Tier 3,0.57,88.0,10,93,tier-3,False
SUP087,Q1-2023,Tier 3,1.51,94.0,10,73,T3,False
SUP087,Q2-2023,Tier 3,1.12,98.2,10,72,Tier 3,False
SUP087,Q3-2023,Tier 3,5.68,92.8,10,83,T3,False
SUP087,Q4-2023,Tier 3,3.87,89.2,10,65,tier-3,False
SUP088,Q1-2022,Tier 2,5.32,78.7,11,61,tier-2,False
SUP088,Q2-2022,Tier 2,1.53,91.4,11,71,tier-2,False
SUP088,Q3-2022,Tier 2,3.37,79.9,11,65,tier 2,False
SUP088,Q4-2022,Tier 2,5.76,90.2,11,77,tier 2,False
SUP088,Q1-2023,Tier 2,3.9,98.3,11,74,tier-2,False
SUP088,Q2-2023,Tier 2,3.83,78.6,11,90,T2,False
SUP088,Q3-2023,Tier 2,2.55,83.4,11,94,T2,False
SUP088,Q4-2023,Tier 2,0.38,79.3,11,99,tier 2,False
SUP089,Q1-2022,Tier 1,0.57,97.6,9,61,tier 1,False
SUP089,Q2-2022,Tier 1,4.37,90.9,9,77,Tier 1,False
SUP089,Q4-2022,Tier 1,0.81,79.8,9,71,tier-1,False
SUP089,Q1-2023,Tier 1,0.1,87.1,9,91,tier 1,False
SUP089,Q2-2023,Tier 1,4.83,95.8,9,88,tier 1,False
SUP089,Q3-2023,Tier 1,6.79,88.6,9,83,tier 1,False
SUP089,Q4-2023,Tier 1,2.2,78.6,9,68,T1,False
SUP090,Q1-2022,Tier 2,2.81,89.0,6,69,Tier 2,False
SUP090,Q2-2022,Tier 2,2.34,88.9,6,67,T2,False
SUP090,Q3-2022,Tier 2,1.26,80.2,6,73,tier-2,False
SUP090,Q4-2022,Tier 2,5.38,94.7,6,65,Tier 2,False
SUP090,Q1-2023,Tier 2,3.14,78.7,6,83,tier 2,False
SUP090,Q2-2023,Tier 2,0.31,84.9,6,68,Tier 2,False
SUP090,Q3-2023,Tier 2,4.48,88.1,6,79,tier 2,False
SUP090,Q4-2023,Tier 2,5.34,84.7,6,67,Tier 2,False
SUP091,Q1-2022,Tier 3,4.77,84.6,11,87,Tier 3,False
SUP091,Q2-2022,Tier 3,5.18,80.8,11,73,T3,False
SUP091,Q3-2022,Tier 3,7.14,78.8,11,94,tier-3,False
SUP091,Q4-2022,Tier 3,4.06,86.9,11,94,Tier 3,False
SUP091,Q2-2023,Tier 3,3.64,98.0,11,61,Tier 3,False
SUP091,Q3-2023,Tier 3,7.38,89.7,11,71,T3,False
SUP091,Q4-2023,Tier 3,5.48,89.5,11,97,T3,False
SUP092,Q1-2022,Tier 2,2.15,80.9,23,75,tier 2,False
SUP092,Q2-2022,Tier 2,0.23,93.5,23,87,Tier 2,False
SUP092,Q3-2022,Tier 2,0.6,80.3,23,63,tier-2,False
SUP092,Q4-2022,Tier 2,0.55,95.5,23,87,tier 2,False
SUP092,Q1-2023,Tier 2,7.26,96.4,23,92,tier-2,False
SUP092,Q2-2023,Tier 2,2.01,88.6,23,92,tier 2,False
SUP092,Q3-2023,Tier 2,5.27,80.8,23,81,Tier 2,False
SUP093,Q1-2022,Tier 3,1.86,91.0,15,62,Tier 3,False
SUP093,Q3-2022,Tier 3,6.89,85.2,15,91,Tier 3,False
SUP093,Q4-2022,Tier 3,3.22,81.2,15,74,tier-3,False
SUP093,Q1-2023,Tier 3,7.03,97.4,15,81,tier-3,False
SUP093,Q2-2023,Tier 3,4.5,89.7,15,96,T3,False
SUP093,Q3-2023,Tier 3,0.61,89.8,15,99,Tier 3,False
SUP093,Q4-2023,Tier 3,2.58,78.1,15,83,tier-3,False
SUP094,Q1-2022,Tier 1,1.5,78.8,16,95,tier 1,False
SUP094,Q2-2022,Tier 1,2.69,92.3,16,74,Tier 1,False
SUP094,Q3-2022,Tier 1,2.62,95.3,16,61,Tier 1,False
SUP094,Q4-2022,Tier 1,0.01,78.7,16,87,tier 1,False
SUP094,Q1-2023,Tier 1,6.26,97.7,16,67,T1,False
SUP094,Q3-2023,Tier 1,3.61,94.6,16,96,tier-1,False
SUP095,Q1-2022,Tier 1,6.34,91.0,12,71,Tier 1,False
SUP095,Q2-2022,Tier 1,2.48,98.3,12,92,tier-1,False
SUP095,Q3-2022,Tier 1,4.42,86.6,12,77,Tier 1,False
SUP095,Q4-2022,Tier 1,3.46,95.4,12,77,tier-1,False
SUP095,Q1-2023,Tier 1,4.51,87.3,12,96,tier-1,False
SUP095,Q2-2023,Tier 1,6.71,89.8,12,81,tier-1,False
SUP095,Q3-2023,Tier 1,5.41,93.7,12,87,tier 1,False
SUP095,Q4-2023,Tier 1,3.99,90.4,12,99,T1,False
SUP096,Q1-2022,Tier 1,4.88,80.7,5,82,tier 1,False
SUP096,Q2-2022,Tier 1,6.07,86.2,5,92,T1,False
SUP096,Q3-2022,Tier 1,3.31,90.0,5,75,T1,False
SUP096,Q4-2022,Tier 1,5.75,89.9,5,60,T1,False
SUP096,Q1-2023,Tier 1,6.48,92.3,5,78,Tier 1,False
SUP096,Q2-2023,Tier 1,5.66,98.7,5,71,tier 1,False
SUP096,Q3-2023,Tier 1,7.35,93.9,5,96,T1,False
SUP096,Q4-2023,Tier 1,4.35,94.1,5,84,tier 1,False
SUP097,Q1-2022,Tier 3,0.88,86.0,15,80,Tier 3,False
SUP097,Q2-2022,Tier 3,3.46,80.3,15,97,Tier 3,False
SUP097,Q3-2022,Tier 3,3.88,79.0,15,66,T3,False
SUP097,Q1-2023,Tier 3,1.32,92.8,15,71,tier-3,False
SUP097,Q2-2023,Tier 3,4.74,81.2,15,91,T3,False
SUP097,Q3-2023,Tier 3,7.11,89.4,15,81,T3,False
SUP097,Q4-2023,Tier 3,2.64,87.9,15,95,T3,False
SUP098,Q1-2022,Tier 3,0.92,95.9,13,79,Tier 3,False
SUP098,Q2-2022,Tier 3,4.43,85.2,13,65,T3,False
SUP098,Q3-2022,Tier 3,6.39,88.5,13,80,T3,False
SUP098,Q4-2022,Tier 3,4.98,88.8,13,80,tier-3,False
SUP098,Q1-2023,Tier 3,7.24,81.9,13,88,tier-3,False
SUP098,Q2-2023,Tier 3,6.5,96.1,13,60,Tier 3,False
SUP098,Q3-2023,Tier 3,2.45,94.0,13,79,Tier 3,False
SUP098,Q4-2023,Tier 3,2.46,87.4,13,71,T3,False
SUP099,Q1-2022,Tier 2,6.56,83.4,11,89,tier-2,False
SUP099,Q3-2022,Tier 2,6.34,86.4,11,89,tier 2,False
SUP099,Q4-2022,Tier 2,7.32,94.8,11,99,tier-2,False
SUP099,Q1-2023,Tier 2,6.23,84.1,11,75,tier 2,False
SUP099,Q2-2023,Tier 2,2.62,94.9,11,78,tier-2,False
SUP099,Q4-2023,Tier 2,6.96,96.5,11,63,T2,False
SUP100,Q1-2022,Tier 2,2.29,80.7,11,98,tier 2,False
SUP100,Q2-2022,Tier 2,1.76,97.6,11,90,Tier 2,False
SUP100,Q3-2022,Tier 2,1.97,82.2,11,60,T2,False
SUP100,Q4-2022,Tier 2,5.25,84.9,11,80,tier 2,False
SUP100,Q1-2023,Tier 2,4.82,92.6,11,84,tier-2,False
SUP100,Q2-2023,Tier 2,1.28,84.7,11,71,tier-2,False
SUP100,Q3-2023,Tier 2,2.22,87.5,11,98,tier-2,False
SUP100,Q4-2023,Tier 2,5.35,89.8,11,91,Tier 2,False
SUP101,Q1-2022,Tier 3,5.14,82.0,22,68,T3,False
SUP101,Q2-2022,Tier 3,4.79,86.7,22,64,T3,False
SUP101,Q3-2022,Tier 3,0.49,95.3,22,62,Tier 3,False
SUP101,Q4-2022,Tier 3,4.28,83.8,22,68,tier-3,False
SUP101,Q2-2023,Tier 3,1.41,79.1,22,86,tier-3,False
SUP101,Q3-2023,Tier 3,3.11,83.2,22,90,tier-3,False
SUP101,Q4-2023,Tier 3,2.38,82.4,22,96,Tier 3,False
SUP102,Q1-2022,Tier 3,2.54,79.7,11,80,tier-3,False
SUP102,Q2-2022,Tier 3,7.04,79.2,11,66,T3,False
SUP102,Q3-2022,Tier 3,7.27,96.7,11,69,T3,False
SUP102,Q4-2022,Tier 3,3.36,82.4,11,87,Tier 3,False
SUP102,Q1-2023,Tier 3,3.04,90.1,11,95,tier-3,False
SUP102,Q2-2023,Tier 3,2.37,85.3,11,74,T3,False
SUP102,Q3-2023,Tier 3,7.03,84.8,11,97,Tier 3,False
SUP102,Q4-2023,Tier 3,0.43,93.5,11,82,tier-3,False
SUP103,Q1-2022,Tier 1,3.9,81.9,5,66,tier-1,False
SUP103,Q2-2022,Tier 1,2.78,98.0,5,84,T1,False
SUP103,Q3-2022,Tier 1,0.31,90.6,5,84,Tier 1,False
SUP103,Q4-2022,Tier 1,4.34,93.8,5,99,Tier 1,False
SUP103,Q1-2023,Tier 1,0.38,78.5,5,76,tier-1,False
SUP103,Q2-2023,Tier 1,7.07,83.1,5,76,tier 1,False
SUP103,Q3-2023,Tier 1,0.49,81.2,5,82,Tier 1,False
SUP103,Q4-2023,Tier 1,5.36,87.2,5,95,tier-1,False
SUP104,Q1-2022,Tier 3,6.07,98.8,19,83,Tier 3,False
SUP104,Q2-2022,Tier 3,6.66,93.3,19,90,Tier 3,False
SUP104,Q3-2022,Tier 3,7.48,88.0,19,66,T3,False
SUP104,Q4-2022,Tier 3,6.81,87.1,19,85,T3,False
SUP104,Q1-2023,Tier 3,6.39,98.2,19,84,tier-3,False
SUP104,Q2-2023,Tier 3,6.06,97.7,19,69,T3,False
SUP104,Q3-2023,Tier 3,4.59,90.2,19,96,Tier 3,False
SUP104,Q4-2023,Tier 3,2.04,93.2,19,66,Tier 3,False
SUP105,Q1-2022,Tier 1,1.69,82.0,24,91,tier-1,False
SUP105,Q2-2022,Tier 1,4.09,79.9,24,64,tier-1,False
SUP105,Q3-2022,Tier 1,7.01,84.5,24,88,T1,False
SUP105,Q4-2022,Tier 1,0.68,88.7,24,90,tier-1,False
SUP105,Q1-2023,Tier 1,3.72,85.2,24,78,tier 1,False
SUP105,Q2-2023,Tier 1,2.23,97.5,24,69,tier-1,False
SUP105,Q3-2023,Tier 1,2.62,79.9,24,66,tier-1,False
SUP105,Q4-2023,Tier 1,0.47,94.6,24,93,Tier 1,False
SUP106,Q1-2022,Tier 2,5.3,91.2,15,86,Tier 2,False
SUP106,Q2-2022,Tier 2,5.45,95.2,15,97,T2,False
SUP106,Q3-2022,Tier 2,3.93,92.8,15,84,T2,False
SUP106,Q4-2022,Tier 2,7.69,79.8,15,63,tier 2,False
SUP106,Q1-2023,Tier 2,7.46,82.7,15,74,tier-2,False
SUP106,Q2-2023,Tier 2,7.68,80.7,15,80,Tier 2,False
SUP106,Q3-2023,Tier 2,5.59,82.7,15,87,tier 2,False
SUP107,Q1-2022,Tier 1,4.5,91.7,11,81,tier-1,False
SUP107,Q2-2022,Tier 1,3.32,83.7,11,85,Tier 1,False
SUP107,Q4-2022,Tier 1,2.5,81.7,11,70,tier 1,False
SUP107,Q1-2023,Tier 1,5.33,91.2,11,60,tier-1,False
SUP107,Q2-2023,Tier 1,6.39,89.9,11,93,tier-1,False
SUP107,Q3-2023,Tier 1,0.49,87.0,11,65,tier 1,False
SUP107,Q4-2023,Tier 1,3.42,83.9,11,65,tier-1,False
SUP108,Q1-2022,Tier 1,6.15,91.2,18,64,T1,False
SUP108,Q3-2022,Tier 1,4.36,83.7,18,81,tier 1,False
SUP108,Q4-2022,Tier 1,7.48,91.1,18,84,Tier 1,False
SUP108,Q1-2023,Tier 1,3.31,87.9,18,79,tier-1,False
SUP108,Q2-2023,Tier 1,3.52,92.4,18,99,T1,False
SUP108,Q3-2023,Tier 1,2.26,92.3,18,61,Tier 1,False
SUP108,Q4-2023,Tier 1,5.22,90.8,18,61,tier 1,False
SUP109,Q1-2022,Tier 3,5.86,92.8,24,80,T3,False
SUP109,Q2-2022,Tier 3,3.39,83.8,24,69,tier-3,False
SUP109,Q3-2022,Tier 3,3.13,90.7,24,70,T3,False
SUP109,Q4-2022,Tier 3,3.5,92.8,24,68,Tier 3,False
SUP109,Q1-2023,Tier 3,3.76,78.6,24,95,Tier 3,False
SUP109,Q2-2023,Tier 3,7.59,84.8,24,87,Tier 3,False
SUP109,Q3-2023,Tier 3,2.06,91.0,24,86,Tier 3,False
SUP109,Q4-2023,Tier 3,1.63,80.3,24,78,T3,False
SUP110,Q1-2022,Tier 2,3.3,78.0,21,64,Tier 2,False
SUP110,Q2-2022,Tier 2,0.16,86.8,21,74,Tier 2,False
SUP110,Q3-2022,Tier 2,5.7,87.7,21,88,T2,False
SUP110,Q4-2022,Tier 2,0.31,98.7,21,63,T2,False
SUP110,Q1-2023,Tier 2,2.04,81.0,21,93,tier 2,False
SUP110,Q2-2023,Tier 2,4.13,89.0,21,93,tier 2,False
SUP110,Q3-2023,Tier 2,2.49,86.4,21,96,tier-2,False
SUP110,Q4-2023,Tier 2,1.54,81.0,21,89,tier 2,False
SUP111,Q1-2022,Tier 3,4.24,85.9,21,80,tier-3,False
SUP111,Q2-2022,Tier 3,7.05,89.5,21,86,tier-3,False
SUP111,Q3-2022,Tier 3,4.09,88.0,21,92,Tier 3,False
SUP111,Q4-2022,Tier 3,3.17,84.4,21,94,T3,False
SUP111,Q1-2023,Tier 3,4.36,91.9,21,90,tier-3,False
SUP111,Q2-2023,Tier 3,6.93,85.3,21,77,Tier 3,False
SUP111,Q3-2023,Tier 3,1.66,89.8,21,69,T3,False
SUP111,Q4-2023,Tier 3,1.11,97.1,21,81,tier-3,False
SUP112,Q1-2022,Tier 2,4.08,78.8,18,81,tier-2,False
SUP112,Q2-2022,Tier 2,2.11,85.2,18,71,Tier 2,False
SUP112,Q3-2022,Tier 2,0.75,79.5,18,85,tier-2,False
SUP112,Q4-2022,Tier 2,1.53,90.8,18,93,T2,False
SUP112,Q1-2023,Tier 2,1.68,79.9,18,67,tier 2,False
SUP112,Q2-2023,Tier 2,2.36,86.9,18,73,tier 2,False
SUP112,Q3-2023,Tier 2,5.72,79.4,18,98,T2,False
SUP112,Q4-2023,Tier 2,7.91,97.9,18,86,tier-2,False
SUP113,Q1-2022,Tier 1,2.52,80.7,7,65,tier-1,False
SUP113,Q2-2022,Tier 1,2.76,79.9,7,87,tier-1,False
SUP113,Q3-2022,Tier 1,1.27,87.1,7,62,Tier 1,False
SUP113,Q4-2022,Tier 1,1.16,89.0,7,65,tier 1,False
SUP113,Q1-2023,Tier 1,0.61,82.2,7,96,tier-1,False
SUP113,Q2-2023,Tier 1,3.95,91.7,7,62,T1,False
SUP113,Q3-2023,Tier 1,3.53,90.2,7,68,Tier 1,False
SUP113,Q4-2023,Tier 1,0.57,82.6,7,69,tier 1,False
SUP114,Q1-2022,Tier 1,7.97,98.6,7,78,T1,False
SUP114,Q2-2022,Tier 1,0.65,84.8,7,60,Tier 1,False
SUP114,Q4-2022,Tier 1,3.63,85.1,7,69,Tier 1,False
SUP114,Q1-2023,Tier 1,5.73,85.5,7,97,tier-1,False
SUP114,Q2-2023,Tier 1,4.31,81.9,7,94,T1,False
SUP114,Q3-2023,Tier 1,1.22,81.4,7,69,T1,False
SUP114,Q4-2023,Tier 1,1.38,97.5,7,84,T1,False
SUP115,Q1-2022,Tier 1,4.39,83.3,16,61,T1,False
SUP115,Q2-2022,Tier 1,0.7,93.1,16,95,T1,False
SUP115,Q3-2022,Tier 1,2.52,96.9,16,68,T1,False
SUP115,Q4-2022,Tier 1,7.58,91.7,16,87,tier-1,False
SUP115,Q1-2023,Tier 1,7.24,88.7,16,86,T1,False
SUP115,Q2-2023,Tier 1,5.12,89.5,16,92,Tier 1,False
SUP115,Q3-2023,Tier 1,2.51,95.8,16,64,tier-1,False
SUP115,Q4-2023,Tier 1,6.57,87.3,16,80,T1,False
SUP116,Q1-2022,Tier 1,7.4,88.1,20,80,tier-1,False
SUP116,Q2-2022,Tier 1,2.12,85.7,20,70,T1,False
SUP116,Q3-2022,Tier 1,7.6,92.0,20,67,Tier 1,False
SUP116,Q4-2022,Tier 1,6.63,95.8,20,81,Tier 1,False
SUP116,Q1-2023,Tier 1,7.63,86.3,20,76,T1,False
SUP116,Q2-2023,Tier 1,5.63,81.4,20,92,Tier 1,False
SUP116,Q3-2023,Tier 1,0.95,94.6,20,86,tier-1,False
SUP116,Q4-2023,Tier 1,7.28,81.8,20,71,T1,False
SUP117,Q1-2022,Tier 3,3.36,81.7,20,75,T3,False
SUP117,Q3-2022,Tier 3,5.19,90.1,20,62,Tier 3,False
SUP117,Q4-2022,Tier 3,2.96,83.8,20,66,Tier 3,False
SUP117,Q1-2023,Tier 3,2.48,89.3,20,95,T3,False
SUP117,Q2-2023,Tier 3,4.94,79.5,20,96,Tier 3,False
SUP117,Q3-2023,Tier 3,0.81,94.1,20,82,Tier 3,False
SUP117,Q4-2023,Tier 3,1.75,84.8,20,93,tier-3,False
SUP118,Q1-2022,Tier 2,5.49,97.0,9,83,Tier 2,False
SUP118,Q2-2022,Tier 2,5.27,89.8,9,78,Tier 2,False
SUP118,Q3-2022,Tier 2,0.76,93.0,9,72,tier 2,False
SUP118,Q4-2022,Tier 2,7.32,88.9,9,72,tier 2,False
SUP118,Q1-2023,Tier 2,6.17,88.5,9,72,tier-2,False
SUP118,Q2-2023,Tier 2,2.14,90.4,9,74,Tier 2,False
SUP118,Q3-2023,Tier 2,3.87,98.0,9,94,tier 2,False
SUP118,Q4-2023,Tier 2,7.1,86.1,9,76,T2,False
SUP119,Q1-2022,Tier 3,4.15,88.1,24,82,Tier 3,False
SUP119,Q2-2022,Tier 3,5.85,91.2,24,91,tier-3,False
SUP119,Q3-2022,Tier 3,4.08,88.7,24,73,tier-3,False
SUP119,Q4-2022,Tier 3,6.85,92.9,24,60,tier-3,False
SUP119,Q1-2023,Tier 3,3.12,89.1,24,91,T3,False
SUP119,Q2-2023,Tier 3,3.8,83.4,24,61,T3,False
SUP119,Q4-2023,Tier 3,3.48,86.7,24,99,tier-3,False
SUP120,Q1-2022,Tier 1,3.5,88.0,9,88,Tier 1,False
SUP120,Q3-2022,Tier 1,0.57,87.5,9,83,tier 1,False
SUP120,Q4-2022,Tier 1,4.19,83.9,9,81,tier 1,False
SUP120,Q1-2023,Tier 1,5.11,83.2,9,94,tier 1,False
SUP120,Q3-2023,Tier 1,4.29,87.7,9,95,Tier 1,False
SUP120,Q4-2023,Tier 1,7.97,84.2,9,98,tier 1,False
SUP121,Q1-2022,Tier 3,4.89,98.7,19,91,T3,False
SUP121,Q2-2022,Tier 3,7.19,93.2,19,90,Tier 3,False
SUP121,Q3-2022,Tier 3,3.87,97.3,19,65,Tier 3,False
SUP121,Q4-2022,Tier 3,0.83,80.8,19,66,T3,False
SUP121,Q1-2023,Tier 3,0.65,93.2,19,62,tier-3,False
SUP121,Q2-2023,Tier 3,6.69,83.9,19,99,Tier 3,False
SUP121,Q3-2023,Tier 3,7.08,81.7,19,80,Tier 3,False
SUP121,Q4-2023,Tier 3,1.64,94.9,19,93,Tier 3,False
SUP122,Q1-2022,Tier 2,5.97,93.8,7,69,tier-2,False
SUP122,Q3-2022,Tier 2,1.62,92.7,7,67,tier 2,False
SUP122,Q4-2022,Tier 2,3.59,80.4,7,82,tier-2,False
SUP122,Q1-2023,Tier 2,5.43,79.5,7,82,tier 2,False
SUP122,Q2-2023,Tier 2,5.48,81.8,7,72,tier 2,False
SUP122,Q3-2023,Tier 2,1.22,82.6,7,60,Tier 2,False
SUP122,Q4-2023,Tier 2,4.83,81.7,7,98,Tier 2,False
SUP123,Q1-2022,Tier 3,7.81,78.7,16,78,tier-3,False
SUP123,Q2-2022,Tier 3,0.54,81.6,16,89,tier-3,False
SUP123,Q3-2022,Tier 3,6.95,89.3,16,85,tier-3,False
SUP123,Q4-2022,Tier 3,6.62,88.0,16,86,Tier 3,False
SUP123,Q1-2023,Tier 3,5.74,83.5,16,78,T3,False
SUP123,Q3-2023,Tier 3,6.4,85.1,16,94,T3,False
SUP123,Q4-2023,Tier 3,1.49,89.1,16,60,Tier 3,False
SUP124,Q3-2022,Tier 2,7.65,83.9,21,83,tier-2,False
SUP124,Q4-2022,Tier 2,2.27,95.2,21,98,tier 2,False
SUP124,Q1-2023,Tier 2,4.09,86.9,21,79,tier 2,False
SUP124,Q2-2023,Tier 2,6.06,99.0,21,92,tier 2,False
SUP124,Q3-2023,Tier 2,6.46,96.1,21,63,Tier 2,False
SUP125,Q1-2022,Tier 2,6.85,84.1,9,83,tier 2,False
SUP125,Q3-2022,Tier 2,4.92,80.7,9,88,tier-2,False
SUP125,Q4-2022,Tier 2,1.25,97.1,9,99,tier-2,False
SUP125,Q1-2023,Tier 2,4.84,79.8,9,68,tier-2,False
SUP125,Q4-2023,Tier 2,6.48,86.5,9,68,T2,False
SUP126,Q1-2022,Tier 3,4.26,92.4,13,92,T3,False
SUP126,Q2-2022,Tier 3,7.98,85.4,13,78,Tier 3,False
SUP126,Q4-2022,Tier 3,4.43,85.2,13,90,Tier 3,False
SUP126,Q1-2023,Tier 3,4.16,94.8,13,97,Tier 3,False
SUP126,Q2-2023,Tier 3,6.56,78.1,13,77,Tier 3,False
SUP126,Q3-2023,Tier 3,6.3,95.9,13,84,T3,False
SUP126,Q4-2023,Tier 3,6.59,89.6,13,61,Tier 3,False
SUP127,Q2-2022,Tier 3,4.41,79.2,17,60,tier-3,False
SUP127,Q3-2022,Tier 3,7.36,80.1,17,89,T3,False
SUP127,Q4-2022,Tier 3,0.54,88.0,17,61,Tier 3,False
SUP127,Q4-2023,Tier 3,6.49,80.7,17,93,tier-3,False
SUP128,Q1-2022,Tier 1,1.87,93.3,5,64,tier-1,False
SUP128,Q2-2022,Tier 1,6.13,96.4,5,89,Tier 1,False
SUP128,Q3-2022,Tier 1,1.46,79.4,5,80,tier 1,False
SUP128,Q4-2022,Tier 1,0.42,96.7,5,69,tier-1,False
SUP128,Q1-2023,Tier 1,2.51,88.2,5,87,tier 1,False
SUP128,Q2-2023,Tier 1,1.94,89.4,5,97,Tier 1,False
SUP128,Q3-2023,Tier 1,5.96,80.5,5,86,tier-1,False
SUP128,Q4-2023,Tier 1,4.71,81.1,5,88,tier-1,False
SUP129,Q1-2022,Tier 2,0.95,88.8,13,63,Tier 2,False
SUP129,Q2-2022,Tier 2,1.36,93.2,13,66,T2,False
SUP129,Q3-2022,Tier 2,7.17,78.6,13,98,T2,False
SUP129,Q4-2022,Tier 2,1.8,87.9,13,80,tier 2,False
SUP129,Q1-2023,Tier 2,7.32,84.4,13,80,T2,False
SUP129,Q2-2023,Tier 2,4.66,82.2,13,66,Tier 2,False
SUP129,Q3-2023,Tier 2,4.15,91.7,13,61,tier-2,False
SUP129,Q4-2023,Tier 2,1.44,93.9,13,74,tier-2,False
SUP130,Q1-2022,Tier 1,6.38,93.7,11,66,tier-1,False
SUP130,Q3-2022,Tier 1,3.75,90.5,11,82,T1,False
SUP130,Q4-2022,Tier 1,7.0,81.4,11,96,tier 1,False
SUP130,Q1-2023,Tier 1,0.42,93.6,11,69,Tier 1,False
SUP130,Q2-2023,Tier 1,6.2,89.2,11,66,tier-1,False
SUP131,Q1-2022,Tier 1,1.44,90.9,18,80,T1,False
SUP131,Q2-2022,Tier 1,4.74,86.0,18,81,tier-1,False
SUP131,Q3-2022,Tier 1,1.89,78.6,18,67,tier-1,False
SUP131,Q4-2022,Tier 1,7.22,95.5,18,64,tier-1,False
SUP131,Q1-2023,Tier 1,4.54,95.4,18,74,tier-1,False
SUP131,Q2-2023,Tier 1,2.37,84.3,18,78,Tier 1,False
SUP131,Q3-2023,Tier 1,7.02,97.2,18,61,T1,False
SUP131,Q4-2023,Tier 1,3.66,86.0,18,79,T1,False
SUP132,Q1-2022,Tier 3,0.16,95.7,14,82,tier-3,False
SUP132,Q2-2022,Tier 3,5.28,89.1,14,98,T3,False
SUP132,Q3-2022,Tier 3,1.19,90.3,14,72,Tier 3,False
SUP132,Q4-2022,Tier 3,3.37,86.7,14,61,Tier 3,False
SUP132,Q1-2023,Tier 3,7.75,81.7,14,94,tier-3,False
SUP132,Q2-2023,Tier 3,5.27,98.8,14,66,tier-3,False
SUP132,Q3-2023,Tier 3,7.24,83.9,14,60,Tier 3,False
SUP133,Q1-2022,Tier 1,5.24,89.3,17,95,T1,False
SUP133,Q2-2022,Tier 1,7.76,87.6,17,69,tier 1,False
SUP133,Q3-2022,Tier 1,6.32,83.1,17,75,tier 1,False
SUP133,Q4-2022,Tier 1,6.21,80.4,17,94,tier 1,False
SUP133,Q1-2023,Tier 1,4.27,89.0,17,94,tier-1,False
SUP133,Q2-2023,Tier 1,0.86,83.7,17,94,T1,False
SUP133,Q3-2023,Tier 1,3.83,88.4,17,68,tier-1,False
SUP133,Q4-2023,Tier 1,0.15,87.6,17,94,tier-1,False
SUP134,Q1-2022,Tier 3,1.05,86.3,20,84,T3,False
SUP134,Q2-2022,Tier 3,1.5,93.9,20,64,tier-3,False
SUP134,Q3-2022,Tier 3,4.13,96.4,20,72,tier-3,False
SUP134,Q4-2022,Tier 3,0.91,84.3,20,85,Tier 3,False
SUP134,Q1-2023,Tier 3,6.11,83.2,20,77,Tier 3,False
SUP134,Q2-2023,Tier 3,3.31,94.2,20,97,Tier 3,False
SUP134,Q3-2023,Tier 3,4.46,93.2,20,94,Tier 3,False
SUP134,Q4-2023,Tier 3,1.87,89.6,20,86,tier-3,False
SUP135,Q1-2022,Tier 1,5.23,88.1,20,80,Tier 1,False
SUP135,Q2-2022,Tier 1,5.33,96.2,20,80,tier-1,False
SUP135,Q3-2022,Tier 1,2.93,79.0,20,67,tier 1,False
SUP135,Q4-2022,Tier 1,3.95,85.5,20,61,tier 1,False
SUP135,Q1-2023,Tier 1,7.84,83.3,20,65,tier 1,False
SUP135,Q2-2023,Tier 1,0.56,92.3,20,89,tier 1,False
SUP135,Q4-2023,Tier 1,2.0,93.7,20,94,tier 1,False
SUP136,Q1-2022,Tier 2,0.2,92.8,20,85,T2,False
SUP136,Q2-2022,Tier 2,2.19,95.1,20,99,Tier 2,False
SUP136,Q3-2022,Tier 2,5.28,93.9,20,68,tier-2,False
SUP136,Q4-2022,Tier 2,4.61,84.4,20,61,tier 2,False
SUP136,Q1-2023,Tier 2,1.3,85.6,20,77,Tier 2,False
SUP136,Q2-2023,Tier 2,6.57,79.7,20,93,tier-2,False
SUP136,Q3-2023,Tier 2,0.6,92.2,20,86,tier 2,False
SUP136,Q4-2023,Tier 2,7.85,92.1,20,91,tier-2,False
SUP137,Q1-2022,Tier 1,7.3,91.5,15,90,T1,False
SUP137,Q2-2022,Tier 1,1.88,88.4,15,98,tier 1,False
SUP137,Q3-2022,Tier 1,1.69,98.5,15,89,Tier 1,False
SUP137,Q4-2022,Tier 1,1.45,85.0,15,60,Tier 1,False
SUP137,Q1-2023,Tier 1,7.38,98.7,15,75,T1,False
SUP137,Q2-2023,Tier 1,5.6,84.8,15,97,tier-1,False
SUP137,Q3-2023,Tier 1,0.85,98.4,15,94,T1,False
SUP137,Q4-2023,Tier 1,2.43,92.2,15,88,T1,False
SUP138,Q1-2022,Tier 2,2.29,80.9,14,79,tier-2,False
SUP138,Q2-2022,Tier 2,4.1,82.5,14,81,tier-2,False
SUP138,Q3-2022,Tier 2,5.11,96.9,14,80,Tier 2,False
SUP138,Q4-2022,Tier 2,6.8,84.9,14,64,Tier 2,False
SUP138,Q1-2023,Tier 2,2.12,83.7,14,66,tier 2,False
SUP138,Q2-2023,Tier 2,2.17,91.6,14,77,tier 2,False
SUP138,Q4-2023,Tier 2,5.52,81.7,14,99,T2,False
SUP139,Q1-2022,Tier 1,0.01,87.9,9,77,tier 1,False
SUP139,Q2-2022,Tier 1,7.96,97.3,9,61,T1,False
SUP139,Q3-2022,Tier 1,2.48,87.7,9,68,tier-1,False
SUP139,Q4-2022,Tier 1,1.01,80.6,9,93,Tier 1,False
SUP139,Q1-2023,Tier 1,6.96,96.5,9,64,tier 1,False
SUP139,Q2-2023,Tier 1,1.25,92.4,9,64,Tier 1,False
SUP139,Q3-2023,Tier 1,3.64,79.7,9,77,tier 1,False
SUP139,Q4-2023,Tier 1,6.49,85.1,9,83,Tier 1,False
SUP140,Q1-2022,Tier 2,1.26,84.4,12,94,Tier 2,False
SUP140,Q3-2022,Tier 2,5.28,81.0,12,61,tier-2,False
SUP140,Q4-2022,Tier 2,0.62,96.4,12,64,tier 2,False
SUP140,Q1-2023,Tier 2,0.37,94.0,12,73,tier 2,False
SUP140,Q2-2023,Tier 2,2.78,84.0,12,89,tier 2,False
SUP140,Q3-2023,Tier 2,6.85,93.3,12,60,tier-2,False
SUP140,Q4-2023,Tier 2,5.82,95.9,12,78,Tier 2,False
SUP141,Q1-2022,Tier 2,3.2,88.0,13,75,Tier 2,False
SUP141,Q2-2022,Tier 2,6.21,98.5,13,99,tier-2,False
SUP141,Q3-2022,Tier 2,2.99,80.8,13,77,T2,False
SUP141,Q4-2022,Tier 2,0.69,87.0,13,77,tier 2,False
SUP141,Q1-2023,Tier 2,6.35,83.2,13,66,tier-2,False
SUP141,Q2-2023,Tier 2,7.21,89.9,13,62,Tier 2,False
SUP141,Q3-2023,Tier 2,4.72,88.6,13,67,tier 2,False
SUP141,Q4-2023,Tier 2,3.57,89.4,13,89,Tier 2,False
SUP142,Q1-2022,Tier 1,0.56,85.1,10,88,tier 1,False
SUP142,Q2-2022,Tier 1,4.84,86.6,10,92,tier 1,False
SUP142,Q3-2022,Tier 1,7.33,85.2,10,85,Tier 1,False
SUP142,Q4-2022,Tier 1,5.97,92.3,10,69,tier 1,False
SUP142,Q2-2023,Tier 1,5.11,82.4,10,60,tier-1,False
SUP142,Q3-2023,Tier 1,2.29,79.5,10,69,tier-1,False
SUP143,Q1-2022,Tier 1,6.95,80.3,15,77,tier-1,False
SUP143,Q2-2022,Tier 1,4.24,85.6,15,67,T1,False
SUP143,Q3-2022,Tier 1,4.36,86.7,15,79,Tier 1,False
SUP143,Q4-2022,Tier 1,0.52,97.6,15,72,Tier 1,False
SUP143,Q1-2023,Tier 1,7.38,88.7,15,80,T1,False
SUP143,Q2-2023,Tier 1,2.18,91.8,15,63,tier-1,False
SUP143,Q3-2023,Tier 1,5.68,91.5,15,82,tier-1,False
SUP143,Q4-2023,Tier 1,0.04,87.4,15,97,T1,False
SUP144,Q2-2022,Tier 1,0.66,83.8,5,90,Tier 1,False
SUP144,Q3-2022,Tier 1,7.98,97.2,5,86,T1,False
SUP144,Q4-2022,Tier 1,7.74,96.2,5,66,tier-1,False
SUP144,Q1-2023,Tier 1,1.09,92.4,5,72,T1,False
SUP144,Q2-2023,Tier 1,0.13,83.8,5,97,T1,False
SUP144,Q3-2023,Tier 1,1.45,81.9,5,98,T1,False
SUP144,Q4-2023,Tier 1,6.74,93.9,5,82,Tier 1,False
SUP145,Q1-2022,Tier 1,0.37,87.7,13,78,tier 1,False
SUP145,Q2-2022,Tier 1,3.27,90.5,13,92,tier 1,False
SUP145,Q3-2022,Tier 1,4.63,88.9,13,68,tier 1,False
SUP145,Q4-2022,Tier 1,7.52,87.0,13,87,tier-1,False
SUP145,Q2-2023,Tier 1,4.0,89.4,13,96,tier-1,False
SUP145,Q3-2023,Tier 1,2.2,92.0,13,82,T1,False
SUP145,Q4-2023,Tier 1,3.29,86.4,13,93,tier 1,False
SUP146,Q1-2022,Tier 1,6.29,97.1,8,67,tier 1,False
SUP146,Q2-2022,Tier 1,5.46,93.5,8,83,tier 1,False
SUP146,Q3-2022,Tier 1,6.61,79.5,8,76,tier-1,False
SUP146,Q4-2022,Tier 1,1.25,96.5,8,60,tier-1,False
SUP146,Q1-2023,Tier 1,2.2,87.0,8,70,Tier 1,False
SUP146,Q2-2023,Tier 1,1.1,91.8,8,75,tier-1,False
SUP146,Q3-2023,Tier 1,6.2,82.2,8,74,Tier 1,False
SUP146,Q4-2023,Tier 1,1.0,79.8,8,89,tier-1,False
SUP147,Q1-2022,Tier 2,5.04,78.5,7,97,tier 2,False
SUP147,Q2-2022,Tier 2,4.04,96.6,7,71,Tier 2,False
SUP147,Q3-2022,Tier 2,5.3,80.4,7,70,Tier 2,False
SUP147,Q4-2022,Tier 2,1.9,87.3,7,96,tier-2,False
SUP147,Q1-2023,Tier 2,1.96,92.6,7,85,tier-2,False
SUP147,Q2-2023,Tier 2,4.15,89.6,7,91,Tier 2,False
SUP147,Q3-2023,Tier 2,3.1,85.6,7,68,Tier 2,False
SUP147,Q4-2023,Tier 2,4.77,90.7,7,74,tier 2,False
SUP148,Q1-2022,Tier 2,6.76,80.3,11,64,Tier 2,False
SUP148,Q2-2022,Tier 2,8.0,82.7,11,87,tier 2,False
SUP148,Q3-2022,Tier 2,3.54,83.6,11,87,T2,False
SUP148,Q4-2022,Tier 2,1.77,88.6,11,87,tier-2,False
SUP148,Q1-2023,Tier 2,6.34,88.5,11,85,tier 2,False
SUP148,Q2-2023,Tier 2,7.03,92.9,11,71,T2,False
SUP148,Q3-2023,Tier 2,7.04,80.6,11,69,Tier 2,False
SUP148,Q4-2023,Tier 2,0.96,87.8,11,87,tier 2,False
SUP149,Q1-2022,Tier 1,2.59,95.1,5,75,tier-1,False
SUP149,Q2-2022,Tier 1,5.34,97.3,5,64,Tier 1,False
SUP149,Q3-2022,Tier 1,1.29,83.8,5,76,T1,False
SUP149,Q4-2022,Tier 1,3.8,85.2,5,93,Tier 1,False
SUP149,Q1-2023,Tier 1,5.73,84.0,5,68,T1,False
SUP149,Q2-2023,Tier 1,5.04,94.5,5,70,tier 1,False
SUP149,Q3-2023,Tier 1,1.23,85.6,5,70,tier 1,False
SUP149,Q4-2023,Tier 1,5.05,81.9,5,75,T1,False
SUP150,Q2-2022,Tier 2,7.87,89.2,22,82,tier-2,False
SUP150,Q3-2022,Tier 2,6.26,91.8,22,92,tier-2,False
SUP150,Q4-2022,Tier 2,1.82,93.6,22,84,tier 2,False
SUP150,Q1-2023,Tier 2,1.82,83.0,22,69,tier 2,False
SUP150,Q2-2023,Tier 2,1.94,85.6,22,86,tier-2,False
SUP150,Q3-2023,Tier 2,1.27,88.2,22,88,Tier 2,False
SUP150,Q4-2023,Tier 2,1.89,78.2,22,60,tier-2,False
